prediction,reasoning,id,true_label
-1,Direct VLM prediction failed.,583,1
-1,Direct VLM prediction failed.,580,1
-1,Direct VLM prediction failed.,586,1
-1,Direct VLM prediction failed.,585,1
-1,Direct VLM prediction failed.,587,1
-1,Direct VLM prediction failed.,578,1
-1,Direct VLM prediction failed.,590,1
-1,Direct VLM prediction failed.,582,1
-1,Direct VLM prediction failed.,591,0
-1,Direct VLM prediction failed.,579,1
-1,Direct VLM prediction failed.,577,2
-1,Direct VLM prediction failed.,595,0
-1,Direct VLM prediction failed.,584,0
-1,Direct VLM prediction failed.,592,0
-1,Direct VLM prediction failed.,589,1
-1,Direct VLM prediction failed.,593,1
-1,Direct VLM prediction failed.,594,1
-1,Direct VLM prediction failed.,588,0
-1,Direct VLM prediction failed.,581,2
-1,Direct VLM prediction failed.,601,1
-1,Direct VLM prediction failed.,596,0
-1,Direct VLM prediction failed.,600,1
-1,Direct VLM prediction failed.,599,1
-1,Direct VLM prediction failed.,603,1
-1,Direct VLM prediction failed.,605,1
-1,Direct VLM prediction failed.,597,1
-1,Direct VLM prediction failed.,606,1
-1,Direct VLM prediction failed.,607,0
-1,Direct VLM prediction failed.,610,1
-1,Direct VLM prediction failed.,598,1
-1,Direct VLM prediction failed.,611,0
-1,Direct VLM prediction failed.,612,0
-1,Direct VLM prediction failed.,602,1
-1,Direct VLM prediction failed.,609,1
-1,Direct VLM prediction failed.,604,0
-1,Direct VLM prediction failed.,613,1
-1,Direct VLM prediction failed.,619,1
-1,Direct VLM prediction failed.,615,1
-1,Direct VLM prediction failed.,621,2
-1,Direct VLM prediction failed.,617,2
-1,Direct VLM prediction failed.,618,2
-1,Direct VLM prediction failed.,614,2
-1,Direct VLM prediction failed.,622,2
-1,Direct VLM prediction failed.,626,2
-1,Direct VLM prediction failed.,623,1
-1,Direct VLM prediction failed.,624,0
-1,Direct VLM prediction failed.,625,2
-1,Direct VLM prediction failed.,608,0
-1,Direct VLM prediction failed.,627,1
-1,Direct VLM prediction failed.,620,0
-1,Direct VLM prediction failed.,630,2
-1,Direct VLM prediction failed.,616,0
-1,Direct VLM prediction failed.,631,1
-1,Direct VLM prediction failed.,632,0
-1,Direct VLM prediction failed.,635,1
-1,Direct VLM prediction failed.,628,0
-1,Direct VLM prediction failed.,638,1
-1,Direct VLM prediction failed.,639,1
-1,Direct VLM prediction failed.,636,0
-1,Direct VLM prediction failed.,643,0
-1,Direct VLM prediction failed.,633,2
-1,Direct VLM prediction failed.,640,1
-1,Direct VLM prediction failed.,637,2
-1,Direct VLM prediction failed.,634,1
-1,Direct VLM prediction failed.,641,2
-1,Direct VLM prediction failed.,646,2
-1,Direct VLM prediction failed.,642,2
-1,Direct VLM prediction failed.,644,0
-1,Direct VLM prediction failed.,650,2
-1,Direct VLM prediction failed.,645,2
-1,Direct VLM prediction failed.,649,2
-1,Direct VLM prediction failed.,648,1
-1,Direct VLM prediction failed.,647,0
-1,Direct VLM prediction failed.,651,0
-1,Direct VLM prediction failed.,657,2
-1,Direct VLM prediction failed.,653,2
-1,Direct VLM prediction failed.,656,2
-1,Direct VLM prediction failed.,658,2
-1,Direct VLM prediction failed.,654,2
-1,Direct VLM prediction failed.,655,0
-1,Direct VLM prediction failed.,660,2
-1,Direct VLM prediction failed.,629,2
-1,Direct VLM prediction failed.,663,2
-1,Direct VLM prediction failed.,664,1
-1,Direct VLM prediction failed.,667,1
-1,Direct VLM prediction failed.,662,1
-1,Direct VLM prediction failed.,661,2
-1,Direct VLM prediction failed.,665,2
-1,Direct VLM prediction failed.,671,1
-1,Direct VLM prediction failed.,659,0
-1,Direct VLM prediction failed.,672,1
-1,Direct VLM prediction failed.,670,1
-1,Direct VLM prediction failed.,668,1
-1,Direct VLM prediction failed.,675,1
-1,Direct VLM prediction failed.,669,2
-1,Direct VLM prediction failed.,666,1
-1,Direct VLM prediction failed.,673,1
-1,Direct VLM prediction failed.,652,2
-1,Direct VLM prediction failed.,677,1
-1,Direct VLM prediction failed.,678,1
-1,Direct VLM prediction failed.,676,1
-1,Direct VLM prediction failed.,682,1
-1,Direct VLM prediction failed.,679,1
-1,Direct VLM prediction failed.,674,1
-1,Direct VLM prediction failed.,681,1
-1,Direct VLM prediction failed.,683,1
-1,Direct VLM prediction failed.,684,1
-1,Direct VLM prediction failed.,691,1
-1,Direct VLM prediction failed.,686,1
-1,Direct VLM prediction failed.,687,1
-1,Direct VLM prediction failed.,685,2
-1,Direct VLM prediction failed.,692,1
-1,Direct VLM prediction failed.,688,1
-1,Direct VLM prediction failed.,693,2
-1,Direct VLM prediction failed.,690,1
-1,Direct VLM prediction failed.,689,1
-1,Direct VLM prediction failed.,695,1
-1,Direct VLM prediction failed.,701,2
-1,Direct VLM prediction failed.,697,2
-1,Direct VLM prediction failed.,696,1
-1,Direct VLM prediction failed.,694,2
-1,Direct VLM prediction failed.,705,2
-1,Direct VLM prediction failed.,698,2
-1,Direct VLM prediction failed.,700,1
-1,Direct VLM prediction failed.,702,2
-1,Direct VLM prediction failed.,704,1
-1,Direct VLM prediction failed.,703,1
-1,Direct VLM prediction failed.,709,2
-1,Direct VLM prediction failed.,680,1
-1,Direct VLM prediction failed.,708,1
-1,Direct VLM prediction failed.,710,2
-1,Direct VLM prediction failed.,707,0
-1,Direct VLM prediction failed.,711,1
-1,Direct VLM prediction failed.,716,0
-1,Direct VLM prediction failed.,713,2
-1,Direct VLM prediction failed.,699,0
-1,Direct VLM prediction failed.,719,0
-1,Direct VLM prediction failed.,714,2
-1,Direct VLM prediction failed.,718,2
-1,Direct VLM prediction failed.,712,1
-1,Direct VLM prediction failed.,720,0
-1,Direct VLM prediction failed.,717,2
-1,Direct VLM prediction failed.,721,2
-1,Direct VLM prediction failed.,715,1
-1,Direct VLM prediction failed.,706,2
